axis	feature_id	display_label	proposed_figure_family	feature_type
steroid_cholesterol_endocrine	CHOLESTEROL_BIOSYNTHESIS	Cholesterol biosynthesis	Figure_7	submodule
steroid_cholesterol_endocrine	CHOLESTEROL_UPTAKE_TRANSPORT_EXPORT	Cholesterol uptake, transport and export	Figure_7	submodule
steroid_cholesterol_endocrine	STEROIDOGENESIS_CORE	Core steroidogenesis	Figure_7	submodule
steroid_cholesterol_endocrine	PROGESTERONE_BIOSYNTHESIS_RESPONSE	Progesterone biosynthesis and response	Figure_7	submodule
steroid_cholesterol_endocrine	ESTROGEN_BIOSYNTHESIS	Estrogen biosynthesis and interconversion	Figure_7	submodule
steroid_cholesterol_endocrine	ESTROGEN_RECEPTOR_RESPONSE	Estrogen receptor response	Figure_7	submodule
steroid_cholesterol_endocrine	ANDROGEN_TESTOSTERONE_BIOSYNTHESIS	Androgen and testosterone biosynthesis	Figure_7	submodule
steroid_cholesterol_endocrine	TESTOSTERONE_CONVERSION_AROMATIZATION	Testosterone conversion and aromatization	Figure_7	submodule
steroid_cholesterol_endocrine	ANDROGEN_RECEPTOR_SIGNALING	Androgen receptor signaling	Figure_7	submodule
steroid_cholesterol_endocrine	GLUCOCORTICOID_RESPONSE	Glucocorticoid response	Figure_7	submodule
steroid_cholesterol_endocrine	MINERALOCORTICOID_RESPONSE	Mineralocorticoid response	Figure_7	submodule
steroid_cholesterol_endocrine	STEROID_SULFATION_DESULFATION	Steroid sulfation and desulfation	Figure_7	submodule
steroid_cholesterol_endocrine	PLACENTAL_STEROID_METABOLISM	Placental steroid metabolism	Figure_7	submodule
steroid_cholesterol_endocrine	LXR_FXR_STEROL_SIGNALING	LXR and FXR sterol signaling	Figure_7	submodule
lipid_metabolism	FATTY_ACID_SYNTHESIS	Fatty-acid synthesis	Figure_7	submodule
lipid_metabolism	FATTY_ACID_BETA_OXIDATION	Fatty-acid beta-oxidation	Figure_7	submodule
lipid_metabolism	PHOSPHOLIPID_METABOLISM	Phospholipid metabolism	Figure_7	submodule
lipid_metabolism	SPHINGOLIPID_CERAMIDE_METABOLISM	Sphingolipid and ceramide metabolism	Figure_7	submodule
lipid_metabolism	EICOSANOID_PROSTAGLANDIN_METABOLISM	Eicosanoid and prostaglandin metabolism	Figure_7	submodule
lipid_metabolism	LIPID_DROPLET_DYNAMICS	Lipid-droplet dynamics	Figure_7	submodule
lipid_metabolism	PPAR_SREBP_LXR_REGULATION	PPAR, SREBP and LXR regulation	Figure_7	submodule
lipid_metabolism	FERROPTOSIS_LIPID_PEROXIDATION	Ferroptosis-linked lipid peroxidation	Figure_7	submodule
carbohydrate_inflammatory_carbon	GLYCOLYSIS	Glycolysis	Figure_8	submodule
carbohydrate_inflammatory_carbon	GLUCONEOGENESIS	Gluconeogenesis	Figure_8	submodule
carbohydrate_inflammatory_carbon	GLYCOGEN_SYNTHESIS	Glycogen synthesis	Figure_8	submodule
carbohydrate_inflammatory_carbon	GLYCOGENOLYSIS	Glycogenolysis	Figure_8	submodule
carbohydrate_inflammatory_carbon	PENTOSE_PHOSPHATE_PATHWAY	Pentose-phosphate pathway	Figure_8	submodule
carbohydrate_inflammatory_carbon	TCA_OXPHOS	TCA cycle and oxidative phosphorylation	Figure_8	submodule
carbohydrate_inflammatory_carbon	LACTATE_HIF1A_INFLAMMATORY_GLYCOLYSIS	Lactate and HIF1A inflammatory glycolysis	Figure_8	submodule
carbohydrate_inflammatory_carbon	AMPK_SIGNALING	AMPK signaling	Figure_8	submodule
carbohydrate_inflammatory_carbon	MTOR_SIGNALING	mTOR signaling	Figure_8	submodule
carbohydrate_inflammatory_carbon	GLUCOSE_TRANSPORT	Glucose transport	Figure_8	submodule
carbohydrate_inflammatory_carbon	AGE_RAGE_SIGNALING	AGE-RAGE signaling	Figure_8	submodule
insulin_irs_signaling	INSULIN_RECEPTOR_IRS	Insulin receptor and IRS signaling	Figure_8	submodule
insulin_irs_signaling	PI3K_AKT_SIGNALING	PI3K-AKT signaling	Figure_8	submodule
insulin_irs_signaling	MTORC1_INSULIN_OUTPUT	mTORC1 insulin output	Figure_8	submodule
insulin_irs_signaling	AMPK_INSULIN_COUNTERREGULATION	AMPK counter-regulation of insulin signaling	Figure_8	submodule
adipokine_signaling	LEPTIN_SIGNALING	Leptin signaling	Figure_8	submodule
adipokine_signaling	ADIPONECTIN_SIGNALING	Adiponectin signaling	Figure_8	submodule
adipokine_signaling	RESISTIN_INFLAMMATORY_SIGNALING	Resistin-associated inflammatory signaling	Figure_8	submodule
adipokine_signaling	ADIPOKINE_INFLAMMATORY_AXIS	Inflammatory adipokine axis	Figure_8	submodule
adipokine_signaling	PPARG_ADIPOMETABOLIC_REGULATION	PPARG adipometabolic regulation	Figure_8	submodule
amino_acid_metabolism	TRYPTOPHAN_KYNURENINE	Tryptophan-kynurenine metabolism	Figure_9	submodule
amino_acid_metabolism	ARGININE_NO_UREA	Arginine, nitric oxide and urea coupling	Figure_9	submodule
amino_acid_metabolism	GLUTAMINE_GLUTAMATE	Glutamine and glutamate metabolism	Figure_9	submodule
amino_acid_metabolism	SERINE_GLYCINE_ONE_CARBON	Serine, glycine and one-carbon metabolism	Figure_9	submodule
amino_acid_metabolism	METHIONINE_SAM_METHYLATION	Methionine and SAM metabolism	Figure_9	submodule
amino_acid_metabolism	BRANCHED_CHAIN_AMINO_ACIDS	Branched-chain amino-acid metabolism	Figure_9	submodule
amino_acid_metabolism	AROMATIC_AMINO_ACID_METABOLISM	Aromatic amino-acid metabolism	Figure_9	submodule
amino_acid_metabolism	AMINO_ACID_TRANSPORT	Amino-acid transport	Figure_9	submodule
catecholamine_stress_adjacent	CATECHOLAMINE_BIOSYNTHESIS_DEGRADATION	Catecholamine biosynthesis and degradation	Figure_9	submodule
catecholamine_stress_adjacent	ADRENERGIC_STRESS_SIGNALING	Adrenergic stress signaling	Figure_9	submodule
catecholamine_stress_adjacent	CATECHOLAMINE_IRON_REDOX_INTERFACE	Catecholamine, iron and redox interface	Figure_9	submodule
nucleotide_nad_nitrogen	PURINE_DE_NOVO_SYNTHESIS	De novo purine synthesis	Figure_9	submodule
nucleotide_nad_nitrogen	PURINE_SALVAGE	Purine salvage	Figure_9	submodule
nucleotide_nad_nitrogen	PURINE_DEGRADATION_URATE	Purine degradation and urate	Figure_9	submodule
nucleotide_nad_nitrogen	PYRIMIDINE_SYNTHESIS	Pyrimidine synthesis	Figure_9	submodule
nucleotide_nad_nitrogen	PYRIMIDINE_DEGRADATION	Pyrimidine degradation	Figure_9	submodule
nucleotide_nad_nitrogen	NAD_METABOLISM	NAD metabolism	Figure_9	submodule
nucleotide_nad_nitrogen	UREA_CYCLE	Urea cycle	Figure_9	submodule
nucleotide_nad_nitrogen	NITRIC_OXIDE_SYNTHESIS_REGULATION	Nitric-oxide synthesis and regulation	Figure_9	submodule
nucleotide_nad_nitrogen	XANTHINE_OXIDASE_OXIDATIVE_PURINE_CATABOLISM	Xanthine oxidase and oxidative purine catabolism	Figure_9	submodule
complement_architecture	COMPLEMENT_CLASSICAL	Classical complement pathway	Figure_10	submodule
complement_architecture	COMPLEMENT_LECTIN	Lectin complement pathway	Figure_10	submodule
complement_architecture	COMPLEMENT_ALTERNATIVE	Alternative complement pathway	Figure_10	submodule
complement_architecture	COMPLEMENT_C3_CONVERTASE_AMPLIFICATION	C3 convertase and amplification	Figure_10	submodule
complement_architecture	COMPLEMENT_TERMINAL_MAC	Terminal complement and membrane-attack complex	Figure_10	submodule
complement_architecture	COMPLEMENT_REGULATORS	Complement regulators	Figure_10	submodule
complement_architecture	COMPLEMENT_COAGULATION_CROSSTALK	Complement-coagulation crosstalk	Figure_10	submodule
complement_architecture	COMPLEMENT_OPSONOPHAGOCYTOSIS	Complement-opsonophagocytosis	Figure_10	submodule
complement_architecture	COMPLEMENT_C3A_C5A_SIGNALING	C3a and C5a inflammatory signaling	Figure_10	submodule
immune_context_anchors	TLR4_LPS_SIGNALING_ANCHOR	TLR4-LPS signaling anchor	Integrated_network	submodule
immune_context_anchors	NFKB_MAPK_INFLAMMATION_ANCHOR	NF-kB and MAPK inflammation anchor	Integrated_network	submodule
immune_context_anchors	NEUTROPHIL_NETOSIS_ANCHOR	Neutrophil and NETosis anchor	Integrated_network	submodule
immune_context_anchors	OXIDATIVE_STRESS_NRF2_ANCHOR	Oxidative stress and NRF2 anchor	Integrated_network	submodule
immune_context_anchors	UROTHELIAL_BARRIER_REPAIR_ANCHOR	Urothelial barrier and repair anchor	Integrated_network	submodule
immune_context_anchors	PREGNANCY_INFLAMMATION_ANCHOR	Pregnancy-associated inflammation anchor	Integrated_network	submodule
composite_index	STEROID_INFLAMMATORY_IMBALANCE_INDEX	Steroid Inflammatory Imbalance Index	Integrated_network	composite_index
composite_index	INFLAMMATORY_CARBON_USE_INDEX	Inflammatory Carbon Use Index	Integrated_network	composite_index
composite_index	COMPLEMENT_INFLAMMATORY_AMPLIFICATION_INDEX	Complement Inflammatory Amplification Index	Integrated_network	composite_index
composite_index	PREGNANCY_RISK_ENDOCRINE_METABOLIC_INFLAMMATION_INDEX	Pregnancy Risk Endocrine Metabolic Inflammation Index	Integrated_network	composite_index
